,name,email,phone_number,city
0,Octavia Sutinem,octavia_sutinem@gmail.com,6283137713806,Jember
1,Meilya Az,meilya_az@gmail.com,6283156273267,Jombang
2,Syifa Tussa'Dia,syifa_tussadia@gmail.com,6283164207925,Jambi
3,Arsinawati,arsinawati@gmail.com,6287740196000,Pemalang
4,Misriyah Siti,misriyah_siti@gmail.com,6285320028835,Subang
5,Eky Asnur,eky_asnur@gmail.com,6283136377420,Lampung
6,Sali Ayu,sali_ayu@gmail.com,6283133603767,Cirebon
7,Legiyem Julita Nasyroh,legiyem_julita_nasyroh@gmail.com,6287797406949,Karawang
8,Fahma,fahma@gmail.com,6285327062058,Karawang
9,Istiani Annida,istiani_annida@gmail.com,628313452965,Karawang
10,Agustin,agustin@gmail.com,6283169817495,Jember
11,Izzati Rima Rahayu,izzati_rima_rahayu@gmail.com,6287752507401,Jombang
12,Melinda,melinda@gmail.com,6283111504446,Jambi
13,Ridhoatun,ridhoatun@gmail.com,6287762241675,Pemalang
14,Fatimah Si'In Tumi,fatimah_siin_tumi@gmail.com,6289793409477,Subang
15,Mutia Hasnaul,mutia_hasnaul@gmail.com,6285337101449,Lampung
16,Gustiana,gustiana@gmail.com,6289753579522,Cirebon
17,Asih Wulan,asih_wulan@gmail.com,6283148986138,Karawang
18,Rizka,rizka@gmail.com,6285711151404,Karawang
19,Ningsih,ningsih@gmail.com,6283171538727,Karawang
20,Mila Eliyuswisnawaty P,mila_eliyuswisnawaty_p@gmail.com,6289547257904,Jember
21,Eka Sariani,eka_sariani@gmail.com,6283126975107,Jombang
22,Widia Dinda Aila,widia_dinda_aila@gmail.com,6289560442213,Jambi
23,Siti Rafiani Pratiwi,siti_rafiani_pratiwi@gmail.com,6287717138027,Pemalang
24,Dhina Nabilatul,dhina_nabilatul@gmail.com,6285311664043,Subang
25,N.,n.@gmail.com,6289712298645,Lampung
26,Tumirah,tumirah@gmail.com,6285340214048,Cirebon
27,Junita Hanzuneira,junita_hanzuneira@gmail.com,6289590554417,Karawang
28,Sanem Ayu,sanem_ayu@gmail.com,6285394356639,Karawang
29,Hariani Handayani,hariani_handayani@gmail.com,6285312206581,Karawang
30,Eka,eka@gmail.com,6289555141051,Jember
31,Febriyanti Rindi Tasmiyatun,febriyanti_rindi_tasmiyatun@gmail.com,6289565757354,Jombang
32,Nisa Bawiati Puji,nisa_bawiati_puji@gmail.com,6287720451332,Jambi
33,Siti Rahma Nasyroh,siti_rahma_nasyroh@gmail.com,6285311769952,Pemalang
34,Muhni Herlini,muhni_herlini@gmail.com,6283161921722,Subang
35,Aam Nuraini,aam_nuraini@gmail.com,6289765286355,Lampung
36,Siti,siti@gmail.com,628573236907,Cirebon
37,Hanifah,hanifah@gmail.com,6289557168647,Karawang
38,Sulastri,sulastri@gmail.com,6285745813530,Karawang
39,Istamaroh Oktaviana Anik,istamaroh_oktaviana_anik@gmail.com,6289513145660,Karawang
40,Hatini,hatini@gmail.com,6285310124664,Jember
41,Saputri Ambarwati,saputri_ambarwati@gmail.com,6289741299480,Jombang
42,Anita Maryatun,anita_maryatun@gmail.com,6287718144026,Jambi
43,Kharisma Reza Kumala,kharisma_reza_kumala@gmail.com,6287716684333,Pemalang
44,Titin,titin@gmail.com,628573621370,Subang
45,Ningrum Irul Sri,ningrum_irul_sri@gmail.com,6289551734028,Lampung
46,Diana Sari,diana_sari@gmail.com,6285711119190,Cirebon
47,Imaroh Alifatul,imaroh_alifatul@gmail.com,6283136423571,Karawang
48,Afrilia Evi Dinata,afrilia_evi_dinata@gmail.com,6289538593808,Karawang
49,Resti Afrianti,resti_afrianti@gmail.com,6289730277393,Karawang
50,Nur Dwi Unaisah,nur_dwi_unaisah@gmail.com,6289754363354,Jember
51,Irma,irma@gmail.com,6285396465712,Jombang
52,Asiva Asih,asiva_asih@gmail.com,6285343814749,Jambi
53,Samijem Wilmaini Sadra,samijem_wilmaini_sadra@gmail.com,6289760716967,Pemalang
54,Erna Sari Giyem,erna_sari_giyem@gmail.com,6283114388917,Subang
55,Ani,ani@gmail.com,6287781832156,Lampung
56,Atika Sri,atika_sri@gmail.com,6289571439929,Cirebon
57,Wahyu Masliah,wahyu_masliah@gmail.com,6285772901725,Karawang
58,Sufiyani Sagiyati,sufiyani_sagiyati@gmail.com,6283178901450,Karawang
59,Sari,sari@gmail.com,6285370916455,Karawang
60,Lolita Khusniah Wiwin,lolita_khusniah_wiwin@gmail.com,628537931923,Jember
61,Istamaroh Siti,istamaroh_siti@gmail.com,6285385535555,Jombang
62,Nurfatrianti Azzah,nurfatrianti_azzah@gmail.com,6285349264909,Jambi
63,Wiwit,wiwit@gmail.com,6283163084532,Pemalang
64,Viki Devika Melia,viki_devika_melia@gmail.com,6285745715353,Subang
65,Nurfaizah,nurfaizah@gmail.com,6289545725554,Lampung
66,Kusmiyati,kusmiyati@gmail.com,6287746175503,Cirebon
67,Putri. Siti,putri._siti@gmail.com,628579714598,Karawang
68,Fauziah Fitri Novitasari,fauziah_fitri_novitasari@gmail.com,6287729246610,Karawang
69,Sari,sari@gmail.com,6289510598615,Karawang
70,Setiawati Nadhirotul,setiawati_nadhirotul@gmail.com,6289716792443,Jember
71,Sharafina Dewi,sharafina_dewi@gmail.com,6289511593688,Jombang
72,Vika,vika@gmail.com,6287751371756,Jambi
73,Sihotang,sihotang@gmail.com,6287751339380,Pemalang
74,Syah,syah@gmail.com,6283142139186,Subang
75,Inka,inka@gmail.com,6285783335669,Lampung
76,Lisa Rafika,lisa_rafika@gmail.com,6289538384423,Cirebon
77,Indriani,indriani@gmail.com,628533454858,Karawang
78,Suparmi Shela Mega,suparmi_shela_mega@gmail.com,6289786512869,Karawang
79,Azka Kusuma Hadi,azka_kusuma_hadi@gmail.com,6287745142595,Karawang
80,Alfi Anisya Murviana,alfi_anisya_murviana@gmail.com,6289551645111,Jember
81,Umayah Dewi Cita,umayah_dewi_cita@gmail.com,6285382567899,Jombang
82,Kusriyati Novia Nur,kusriyati_novia_nur@gmail.com,6287740587129,Jambi
83,Septia Lilis,septia_lilis@gmail.com,6287760002020,Pemalang
84,Ike Jaemah,ike_jaemah@gmail.com,6283192958093,Subang
85,Cia,cia@gmail.com,6289745051793,Lampung
86,Hastuti,hastuti@gmail.com,6285396278449,Cirebon
87,Sutiti Ainun,sutiti_ainun@gmail.com,6287721298845,Karawang
88,Winarti,winarti@gmail.com,628778982461,Karawang
89,Desi Nunit,desi_nunit@gmail.com,6283185178120,Karawang
90,Wulan,wulan@gmail.com,6289576198514,Jember
91,Devina,devina@gmail.com,6285786249316,Jombang
92,Nova Fitra Ani,nova_fitra_ani@gmail.com,628951917547,Jambi
93,Ninik Alisma,ninik_alisma@gmail.com,6289586196572,Pemalang
94,Ayu Desi Masruboh,ayu_desi_masruboh@gmail.com,628954502916,Subang
95,Dea Irfani Pujianti,dea_irfani_pujianti@gmail.com,6289536883806,Lampung
96,Elennuari,elennuari@gmail.com,6287790376391,Cirebon
97,Apriliana,apriliana@gmail.com,6283182396374,Karawang
98,Fransiska Anggi Manisem,fransiska_anggi_manisem@gmail.com,6289530326141,Karawang
99,Badrina Susanti Rahmidiah,badrina_susanti_rahmidiah@gmail.com,6287740576581,Karawang
